<alfresco-config>
	<config>
		<client>
			<!-- the login page the client will use -->
			<login-page>/jsp/extension/login.jsp</login-page>
		</client>
	</config>

	<!--  add statusable properties to property sheet -->
	<config evaluator="aspect-name" condition="sc:statusable">
		<property-sheet>
			<show-property name="sc:statusIndicator" display-label-id="statusIndicator" component-generator="StoplightGenerator" />
			<show-property name="sc:statusSummary" display-label-id="statusSummary" component-generator="SummaryTextAreaGenerator" />
		</property-sheet>
	</config>

	<!--  add webable aspect properties to property sheet -->
	<config evaluator="aspect-name" condition="sc:webable">
		<property-sheet>
			<show-property name="sc:published" display-label-id="published" />
			<show-property name="sc:isActive" display-label-id="isActive" read-only="true" />
		</property-sheet>
	</config>

	<!--  add client related aspect properties to property sheet -->
	<config evaluator="aspect-name" condition="sc:clientRelated">
		<property-sheet>
			<show-property name="sc:clientName" display-label-id="client" />
			<show-property name="sc:projectName" display-label-id="project" />
		</property-sheet>
	</config>

	<!-- show related documents association on doc property sheet -->
	<config evaluator="node-type" condition="sc:doc">
		<property-sheet>
			<show-association name="sc:relatedDocuments" />
		</property-sheet>
	</config>

	<!-- show campaign on marketingDoc property sheet -->
	<config evaluator="node-type" condition="sc:marketingDoc">
		<property-sheet>
			<show-property name="sc:campaign" display-label-id="campaign" />
		</property-sheet>
	</config>

	<!-- show related documents association on whitepaper property sheet -->
	<config evaluator="node-type" condition="sc:whitepaper">
		<property-sheet>
			<show-association name="sc:relatedDocuments" />
		</property-sheet>
	</config>

	<!--  add rateable aspect properties to property sheet -->
	<config evaluator="aspect-name" condition="sc:rateable">
		<property-sheet>
			<show-property name="sc:averageRating" display-label-id="average" read-only="true" />
			<show-child-association name="sc:ratings" display-label-id="ratings" read-only="false" />
		</property-sheet>
	</config>
	
	<!-- show replaces association on docs with cm:replaceable -->
	<config evaluator="aspect-name" condition="cm:replaceable">
		<property-sheet>
			<show-association name="cm:replaces" />
		</property-sheet>
	</config>
	
	<!-- show props on rating property sheet -->
	<config evaluator="node-type" condition="sc:rating">
		<property-sheet>
			<show-property name="sc:rating" />
			<show-property name="sc:rater" />
		</property-sheet>
	</config>

	<!-- show props on resume property sheet, set type-specific action list -->
	<config evaluator="node-type" condition="sc:resume">
		<property-sheet>
			<show-property name="sc:candidateName" display-label-id="candidateName" />
			<show-property name="sc:candidateRole" display-label-id="candidateRole" />
		</property-sheet>
		<actions>
			<!-- Override the actions menu for a document in the Browse screen for this type -->
			<action-group id="document_browse_menu">
				<action idref="interview_setup" />
			</action-group>

			<!-- Override the actions menu for Document Details screen for this type -->
			<action-group id="doc_details_actions">
				<action idref="web_enable" hide="true" />
				<action idref="web_disable" hide="true" />
				<action idref="interview_setup" />
			</action-group>
		</actions>
	</config>
		
	<!--  add someco types to add content list -->
	<config evaluator="string-compare" condition="Content Wizards">
		<content-types>
			<type name="sc:doc" />
			<type name="sc:whitepaper" />
			<type name="sc:legalDoc" />
			<type name="sc:marketingDoc" />
			<type name="sc:hrDoc" />
			<type name="sc:hrPolicy" />			
			<type name="sc:salesDoc" />
			<type name="sc:opsDoc" />
			<type name="sc:resume" />
		</content-types>
	</config>

	<config evaluator="string-compare" condition="Action Wizards">
	    <!-- The list of aspects to show in the add/remove features action -->
    	<!-- and the has-aspect condition -->	
		<aspects>
			<aspect name="sc:webable"/>
			<aspect name="sc:clientRelated"/>
			<aspect name="sc:rateable"/>
			<aspect name="sc:statusable" />
		</aspects>

		<!-- The list of types shown in the is-subtype condition -->
		<subtypes>
			<type name="sc:doc" />
			<type name="sc:whitepaper" />
			<type name="sc:legalDoc" />
			<type name="sc:marketingDoc" />
			<type name="sc:hrDoc" />
			<type name="sc:hrPolicy" />						
			<type name="sc:salesDoc" />
			<type name="sc:opsDoc" />
			<type name="sc:resume" />
		</subtypes>		

		<!-- The list of content and/or folder types shown in the specialise-type action -->
		<specialise-types>
			<type name="sc:doc" />
			<type name="sc:whitepaper" />
			<type name="sc:legalDoc" />
			<type name="sc:marketingDoc" />
			<type name="sc:hrDoc" />
			<type name="sc:hrPolicy" />						
			<type name="sc:salesDoc" />
			<type name="sc:opsDoc" />
			<type name="sc:resume" />			
		</specialise-types>		
	</config>	
	
	<config evaluator="string-compare" condition="Advanced Search">
		<advanced-search>
			<content-types>
				<type name="sc:doc" />
				<type name="sc:whitepaper" />
				<type name="sc:legalDoc" />
				<type name="sc:marketingDoc" />
				<type name="sc:hrDoc" />
				<type name="sc:hrPolicy" />							
				<type name="sc:salesDoc" />
				<type name="sc:opsDoc" />
				<type name="sc:resume" />				
			</content-types>
			<custom-properties>
				<meta-data aspect="sc:webable" property="sc:published" display-label-id="published" />
				<meta-data aspect="sc:webable" property="sc:isActive" display-label-id="isActive" />
				<meta-data aspect="sc:clientRelated" property="sc:clientName" display-label-id="client" />
				<meta-data aspect="sc:clientRelated" property="sc:projectName" display-label-id="project" />				
				<meta-data aspect="sc:statusable" property="sc:statusIndicator" display-label-id="statusIndicator" />
			</custom-properties>
		</advanced-search>
	</config>
	
	<!-- action handlers -->
	
	<config evaluator="string-compare" condition="Action Wizards">
		<!--  add custom action handler for "Move Replaced" action -->
		<action-handlers>
			<handler name="move-replaced" class="com.someco.action.handler.MoveReplacedHandler" />
		</action-handlers>
	</config>
	
	<!-- UI Actions -->
	<config>
		<actions>
			<action-group id="document_browse">
				<action idref="web_site" />
			</action-group>
		
			<!-- Actions Menu for a document in the Browse screen -->
			<action-group id="document_browse_menu">
				<action idref="web_site" />
				<action idref="execute_script" />
			</action-group>

			<!-- Actions Menu for Document Details screen -->
			<action-group id="doc_details_actions">
				<action idref="web_enable" />
				<action idref="web_disable" />
				<action idref="web_site" />
				<action idref="execute_script" />
			</action-group>

			<!-- Add action to more actions menu for each space -->
			<action-group id="space_browse_menu">
				<action idref="execute_script" />
			</action-group>
			
			<!-- Actions Menu for Space Details screen -->
			<action-group id="space_details_actions">
				<action idref="execute_script" />
			</action-group>

            <!--  Link to SomeCo's web site -->
            <action id="web_site">
				<label>SomeCo</label>
				<href>http://www.optaros.com</href>
				<image>/someco/images/icons/website.gif</image>
				<target>new</target>
			</action>

            <!--  set sc:isActive to true -->
            <action id="web_enable">
				<permissions>
					<!-- each permission can be an Allow or Deny check -->
					<permission allow="true">Write</permission>
				</permissions>
				<evaluator>com.someco.action.evaluator.WebEnableEvaluator</evaluator>
				<label-id>enableWeb</label-id>
				<image>/someco/images/icons/create_website.gif</image>
				<action-listener>#{WebSettingsBean.setActive}</action-listener>
				<params>
					<param name="id">#{actionContext.id}</param>
					<param name="active">true</param>   
				</params>
			</action>

			<!--  set sc:isActive to false -->
			<action id="web_disable">
				<permissions>
					<!-- each permission can be an Allow or Deny check -->
					<permission allow="true">Write</permission>
				</permissions>
				<evaluator>com.someco.action.evaluator.WebDisableEvaluator</evaluator>
				<label-id>disableWeb</label-id>
				<image>/someco/images/icons/delete_website.gif</image>
				<action-listener>#{WebSettingsBean.setActive}</action-listener>
				<params>
					<param name="id">#{actionContext.id}</param>
					<param name="active">false</param>       
				</params>
			</action>

			<!-- Execute Script Dialog -->
			<action id="execute_script">
				<label>Run Script</label>
				<image>/someco/images/icons/execute_script.gif</image>
				<action>dialog:executeScript</action>
				<action-listener>#{BrowseBean.setupSpaceAction}</action-listener>
				<params>
					<param name="id">#{actionContext.id}</param>
				</params>
			</action>

			<!-- Launch interview setup wizard -->
			<action id="interview_setup">
				<label-id>interviewSetup</label-id>
				<image>/someco/images/icons/interview_setup.gif</image>
				<action>wizard:interviewSetup</action>
				<action-listener>#{BrowseBean.setupSpaceAction}</action-listener>
				<params>
					<param name="id">#{actionContext.id}</param>
				</params>
			</action>
         
		</actions>      

	</config>
	
	<!-- Dialogs -->
	<config>
		<dialogs>
			<dialog name="executeScript" page="/jsp/extension/dialogs/execute-script.jsp" managed-bean="ExecuteScriptDialog"
                 icon="/someco/images/icons/execute_script_large.gif" title="Execute Script" 
                 description="Executes a script against the selected node" />
		</dialogs>
	</config>
	
	<!-- Wizards -->
	<config>
		<wizards>
			<!-- Definition of the Interview Setup wizard -->
			<wizard name="interviewSetup" managed-bean="InterviewSetupWizard"
                 title-id="interview_setup_title" description-id="interview_setup_desc"
                 icon="/someco/images/icons/interview_setup_large.gif">
				<step name="assignment" title-id="assignment" description-id="interview_setup_step1_desc">
					<page path="/jsp/extension/wizards/interview-setup-wizard/assignment.jsp"
                     title-id="interview_setup_step1_title"
                     description-id="interview_setup_step1_desc"
                     instruction-id="default_instruction" />
				</step>
				<step name="options" title-id="options" description-id="interview_setup_step2_desc">
					<page path="/jsp/extension/wizards/interview-setup-wizard/options.jsp"
                     title-id="interview_setup_step2_title"
                     description-id="interview_setup_step2_desc"
                     instruction-id="default_instruction" />
				</step>
				<step name="notify" title-id="notify" description-id="interview_setup_step3_desc">
					<page path="/jsp/extension/wizards/interview-setup-wizard/notify.jsp" 
                     title-id="interview_setup_step3_title"
                     description-id="interview_setup_step3_desc"
                     instruction-id="default_instruction" />
				</step>				
            	<step name="summary" title-id="summary" description-id="summary_step_description">
					<page path="/jsp/wizard/summary.jsp"
                     title-id="summary"
                     description-id="summary_desc"
                     instruction-id="interview_setup_finish_instruction" />
				</step>
			</wizard>
		</wizards>
	</config>
	
	<!-- Alfresco dashboard config -->
	<config evaluator="string-compare" condition="Dashboards">
		<dashboards>
			<dashlets>
				<dashlet id="someco-helloworld-webscript" label="Hello World"
						 description="Hello World WebScript"
						 jsp="/jsp/extension/dashlets/hello.jsp" />
				<dashlet id="someco-whitepapers-webscript" label="SomeCo Whitepapers"
						 description="SomeCo Whitepapers WebScript"
						 jsp="/jsp/extension/dashlets/whitepapers.jsp" />						 
			</dashlets>
		</dashboards>
    </config>

</alfresco-config>
