<?xml version="1.0" encoding="UTF-8"?>

<process-definition xmlns="urn:jbpm.org:jpdl-3.1" name="scwf:helloWorldUI">

	<start-state name="start">
		<task name="scwf:submitHelloWorldTask" />
		<transition name="" to="hello"></transition>
	</start-state>
	
	<node name="hello">
		<transition name="" to="end1">
			<action class="org.alfresco.repo.workflow.jbpm.AlfrescoJavaScript">
				<script>
					<variable name="scwf_helloName" access="read" />
					<expression>
						logger.log("Hello, " + scwf_helloName + "!");
					</expression>
				</script>
			</action>		
		</transition>
	</node>
	
	<end-state name="end1"></end-state>
</process-definition>