<?xml version='1.0' encoding='UTF-8'?>
<!DOCTYPE beans PUBLIC '-//SPRING//DTD BEAN//EN' 'http://www.springframework.org/dtd/spring-beans.dtd'>

<beans>
	<bean id="webscript.com.someco.ratings.rating.post" class="com.someco.scripts.PostRating" parent="webscript">
    	<property name="nodeService">
    		<ref bean="NodeService" />    	
        </property>
    	<property name="ratingService">
    		<ref bean="SomecoRatingService" />    	
        </property>
    </bean>
	
    <bean id="webscript.com.someco.bpm.review.get" class="com.someco.scripts.GetReview" parent="webscript">
    	<property name="workflowService">
    		<ref bean="WorkflowService" />    	
        </property>
    </bean>
	
	<bean id="webscript.com.someco.avm.deploy.get" class="com.someco.scripts.GetDeploy" parent="webscript">
    	<property name="avmService">
    		<ref bean="AVMService" />    	
        </property>
        <property name="actionService">
    		<ref bean="ActionService" />    	
        </property>
        <property name="nodeService">
    		<ref bean="NodeService" />    	
        </property>
        <property name="permissionService">
    		<ref bean="PermissionService" />    	
        </property>
        <property name="importerBootstrap">
    		<ref bean="spacesBootstrap" />    	
        </property>
        <property name="searchService">
    		<ref bean="SearchService" />    	
        </property>
        
    </bean>

	<bean id="webscript.com.someco.avm.release.get" class="com.someco.scripts.GetRelease" parent="webscript">
    	<property name="avmService">
    		<ref bean="AVMService" />    	
        </property>
        <property name="nodeService">
    		<ref bean="NodeService" />    	
        </property>
        <property name="importerBootstrap">
    		<ref bean="spacesBootstrap" />    	
        </property>
        <property name="searchService">
    		<ref bean="SearchService" />    	
        </property>
        
    </bean>

</beans>
