<?xml version='1.0' encoding='UTF-8'?>
<!DOCTYPE beans PUBLIC '-//SPRING//DTD BEAN//EN' 'http://www.springframework.org/dtd/spring-beans.dtd'>

<beans>
	<bean id="someco-deployment-logger" class="com.someco.avm.DeploymentLogger" />
 
	<bean id="avm-deploy-website" class="org.alfresco.repo.avm.actions.AVMDeployWebsiteAction" parent="action-executer">
		<property name="deploymentService">
            <ref bean="DeploymentService"/>
        </property>
		<property name="contentService">
			<ref bean="ContentService"/>
		</property>
		<property name="nodeService">
			<ref bean="NodeService"/>
		</property>
		<property name="publicAction">
			<value>false</value>
		</property>
		<property name="defaultRemoteUsername">
			<value>admin</value>
		</property>
		<property name="defaultRemotePassword">
			<value>admin</value>
		</property>
		<property name="defaultAlfrescoRmiPort">
			<value>${alfresco.rmi.services.port}</value>
		</property>
		<property name="defaultReceiverRmiPort">
			<value>44100</value>
		</property>
		<property name="defaultTargetName">
			<value>default</value>
		</property>
		<property name="delay">
			<value>30</value>
		</property>      
		<property name="callbacks">
			<list>
				<ref bean="someco-deployment-logger" />
			</list>
		</property>
	</bean>

</beans>