<?xml version='1.0' encoding='UTF-8'?>
<!DOCTYPE beans PUBLIC '-//SPRING//DTD BEAN//EN' 'http://www.springframework.org/dtd/spring-beans.dtd'>

<beans>
	<!-- Set web flag action -->
	<bean id="set-web-flag" class="com.someco.action.executer.SetWebFlag" parent="action-executer">
		<property name="nodeService">
			<ref bean="NodeService" />
		</property>
		<property name="publicAction">
			<value>true</value>
		</property>
	</bean>
	
	<!-- Move replaced action -->
    <bean id="move-replaced" class="com.someco.action.executer.MoveReplacedActionExecuter" parent="action-executer">
    	<property name="nodeService">
			<ref bean="NodeService" />
		</property>
	</bean>
	
	<!-- Action properties -->
	<bean id="extension.actionResourceBundles" parent="actionResourceBundles">
		<property name="resourceBundles">
			<list>
				<value>alfresco.extension.somecoactions</value>
			</list>
		</property>
	</bean>	
</beans>
