<alfresco-config>
	<config>
		<client>
			<!-- the login page the client will use -->
			<login-page>/jsp/extension/login.jsp</login-page>
		</client>
	</config>

	<!--  add webable aspect properties to property sheet -->
	<config evaluator="aspect-name" condition="sc:webable">
		<property-sheet>
			<show-property name="sc:published" display-label-id="published" />
			<show-property name="sc:isActive" display-label-id="isActive" read-only="true" />
		</property-sheet>
	</config>

	<!--  add client related aspect properties to property sheet -->
	<config evaluator="aspect-name" condition="sc:clientRelated">
		<property-sheet>
			<show-property name="sc:clientName" display-label-id="client" />
			<show-property name="sc:projectName" display-label-id="project" />
		</property-sheet>
	</config>

	<!-- show related documents association on doc property sheet -->
	<config evaluator="node-type" condition="sc:doc">
		<property-sheet>
			<show-association name="sc:relatedDocuments" />
		</property-sheet>
	</config>

	<!-- show campaign on marketingDoc property sheet -->
	<config evaluator="node-type" condition="sc:marketingDoc">
		<property-sheet>
			<show-property name="sc:campaign" display-label-id="campaign" />
		</property-sheet>
	</config>

	<!-- show related documents association on whitepaper property sheet -->
	<config evaluator="node-type" condition="sc:whitepaper">
		<property-sheet>
			<show-association name="sc:relatedDocuments" />
		</property-sheet>
	</config>

	<!--  add rateable aspect properties to property sheet -->
	<config evaluator="aspect-name" condition="sc:rateable">
		<property-sheet>
			<show-property name="sc:averageRating" display-label-id="average" read-only="true" />
			<show-child-association name="sc:ratings" display-label-id="ratings" read-only="false" />
		</property-sheet>
	</config>
	
	<!-- show replaces association on docs with cm:replaceable -->
	<config evaluator="aspect-name" condition="cm:replaceable">
		<property-sheet>
			<show-association name="cm:replaces" />
		</property-sheet>
	</config>
	
	<!-- show props on rating property sheet -->
	<config evaluator="node-type" condition="sc:rating">
		<property-sheet>
			<show-property name="sc:rating" />
			<show-property name="sc:rater" />
		</property-sheet>
	</config>
		
	<!--  add someco types to add content list -->
	<config evaluator="string-compare" condition="Content Wizards">
		<content-types>
			<type name="sc:doc" />
			<type name="sc:whitepaper" />
			<type name="sc:legalDoc" />
			<type name="sc:marketingDoc" />
			<type name="sc:hrDoc" />
			<type name="sc:hrPolicy" />			
			<type name="sc:salesDoc" />
			<type name="sc:opsDoc" />
		</content-types>
	</config>

	<config evaluator="string-compare" condition="Action Wizards">
	    <!-- The list of aspects to show in the add/remove features action -->
    	<!-- and the has-aspect condition -->	
		<aspects>
			<aspect name="sc:webable"/>
			<aspect name="sc:clientRelated"/>
			<aspect name="sc:rateable"/>
		</aspects>

		<!-- The list of types shown in the is-subtype condition -->
		<subtypes>
			<type name="sc:doc" />
			<type name="sc:whitepaper" />
			<type name="sc:legalDoc" />
			<type name="sc:marketingDoc" />
			<type name="sc:hrDoc" />
			<type name="sc:hrPolicy" />						
			<type name="sc:salesDoc" />
			<type name="sc:opsDoc" />
		</subtypes>		

		<!-- The list of content and/or folder types shown in the specialise-type action -->
		<specialise-types>
			<type name="sc:doc" />
			<type name="sc:whitepaper" />
			<type name="sc:legalDoc" />
			<type name="sc:marketingDoc" />
			<type name="sc:hrDoc" />
			<type name="sc:hrPolicy" />						
			<type name="sc:salesDoc" />
			<type name="sc:opsDoc" />	
		</specialise-types>		
	</config>	
	
	<config evaluator="string-compare" condition="Advanced Search">
		<advanced-search>
			<content-types>
				<type name="sc:doc" />
				<type name="sc:whitepaper" />
				<type name="sc:legalDoc" />
				<type name="sc:marketingDoc" />
				<type name="sc:hrDoc" />
				<type name="sc:hrPolicy" />							
				<type name="sc:salesDoc" />
				<type name="sc:opsDoc" />	
			</content-types>
			<custom-properties>
				<meta-data aspect="sc:webable" property="sc:published" display-label-id="published" />
				<meta-data aspect="sc:webable" property="sc:isActive" display-label-id="isActive" />
				<meta-data aspect="sc:clientRelated" property="sc:clientName" display-label-id="client" />
				<meta-data aspect="sc:clientRelated" property="sc:projectName" display-label-id="project" />				
			</custom-properties>
		</advanced-search>
	</config>
	
	<!-- action handlers -->
	
	<config evaluator="string-compare" condition="Action Wizards">
		<!--  add custom action handler for "Move Replaced" action -->
		<action-handlers>
			<handler name="move-replaced" class="com.someco.action.handler.MoveReplacedHandler" />
		</action-handlers>
	</config>	
	
</alfresco-config>
