<?xml version="1.0" encoding="UTF-8"?>

<root-container name="scwf:publishWhitepaper" width="751" height="478">
  <node name="start" x="8" y="3" width="140" height="40">
    <edge>
      <label x="5" y="-10"/>
    </edge>
  </node>
  <node name="Submit" x="279" y="2" width="140" height="40">
    <edge>
      <label x="5" y="-10"/>
    </edge>
  </node>
  <node name="fork1" x="249" y="86" width="200" height="25">
    <edge>
      <label x="5" y="-10"/>
    </edge>
    <edge>
      <label x="5" y="-10"/>
    </edge>
  </node>
  <node name="Marketing Review" x="381" y="136" width="140" height="40">
    <edge>
      <label x="5" y="-10"/>
    </edge>
    <edge>
      <label x="5" y="-10"/>
    </edge>
  </node>
  <node name="Operations Review" x="232" y="136" width="140" height="40">
    <edge>
      <label x="5" y="-10"/>
    </edge>
    <edge>
      <label x="5" y="-10"/>
    </edge>
  </node>
  <node name="join1" x="256" y="198" width="200" height="25">
    <edge>
      <label x="5" y="-10"/>
    </edge>
  </node>
  <node name="All Approved" x="287" y="243" width="140" height="40">
    <edge>
      <label x="5" y="-10"/>
    </edge>
    <edge>
      <label x="5" y="-10"/>
    </edge>
  </node>
  <node name="Third Party" x="287" y="303" width="140" height="40">
    <edge>
      <label x="5" y="-10"/>
    </edge>
    <edge>
      <label x="5" y="-10"/>
    </edge>
  </node>
  <node name="Third Party Review" x="26" y="302" width="140" height="40">
    <edge>
      <label x="5" y="-10"/>
    </edge>
    <edge>
      <label x="5" y="-10"/>
    </edge>
  </node>
  <node name="Approved" x="287" y="360" width="140" height="40">
    <edge>
      <label x="5" y="-10"/>
    </edge>
  </node>
  <node name="Revise" x="27" y="137" width="140" height="40">
    <edge>
      <label x="5" y="-10"/>
    </edge>
    <edge>
      <label x="5" y="-10"/>
    </edge>
  </node>
  <node name="end1" x="192" y="433" width="140" height="40"/>
</root-container>
