<?xml version="1.0" encoding="UTF-8"?>
<!-- Definition of new Model -->
<model name="sc:somecomodel" xmlns="http://www.alfresco.org/model/dictionary/1.0">

	<!-- Optional meta-data about the model -->
	<description>Someco Model</description>
	<author>Optaros</author>
	<version>1.0</version>

	<!-- Imports are required to allow references to definitions in other models -->
	<imports>
		<!-- Import Alfresco Dictionary Definitions -->
		<import uri="http://www.alfresco.org/model/dictionary/1.0" prefix="d" />
		<!-- Import Alfresco Content Domain Model Definitions -->
		<import uri="http://www.alfresco.org/model/content/1.0" prefix="cm" />
		<import uri="http://www.alfresco.org/model/system/1.0" prefix="sys" />
	</imports>

	<!-- Introduction of new namespaces defined by this model -->
	<namespaces>
		<namespace uri="http://www.someco.com/model/content/1.0" prefix="sc" />
	</namespaces>

	<types>
		<!-- Enterprise-wide generic document type -->
		<type name="sc:doc">
			<title>Someco Document</title>
			<parent>cm:content</parent>
		</type>

		<type name="sc:marketingDoc">
			<title>Someco Marketing Document</title>
			<parent>sc:doc</parent>
		</type>

		<type name="sc:whitepaper">
			<title>Someco Whitepaper</title>
			<parent>sc:marketingDoc</parent>
		</type>		
	</types>

</model>