<?xml version="1.0" encoding="UTF-8"?>
<!-- Definition of new Model -->
<model name="scwf:workflowmodel"
	xmlns="http://www.alfresco.org/model/dictionary/1.0">

	<!-- Optional meta-data about the model -->
	<description>Someco Workflow Model</description>
	<author>Optaros</author>
	<version>1.0</version>

	<!-- Imports are required to allow references to definitions in other models -->
	<imports>
		<import uri="http://www.alfresco.org/model/dictionary/1.0" prefix="d" />
		<import uri="http://www.alfresco.org/model/bpm/1.0"	prefix="bpm" />
		<import uri="http://www.alfresco.org/model/wcmmodel/1.0" prefix="wcm" />
		<import uri="http://www.alfresco.org/model/wcmworkflow/1.0" prefix="wcmwf" />
 		<import uri="http://www.alfresco.org/model/wcmappmodel/1.0" prefix="wca"/>		
	</imports>

	<!-- Introduction of new namespaces defined by this model -->
	<namespaces>
		<namespace uri="http://www.someco.com/model/workflow/1.0"
			prefix="scwf" />
	</namespaces>

	<types>
		<type name="scwf:submitHelloWorldTask">
			<parent>bpm:workflowTask</parent>
			<properties>
				<property name="scwf:helloName">
					<type>d:text</type>
					<mandatory>true</mandatory>
					<multiple>false</multiple>
				</property>
			</properties>
		</type>
		
		<type name="scwf:submitReviewTask">
			<parent>bpm:startTask</parent>
			<mandatory-aspects>
				<aspect>scwf:thirdPartyReviewable</aspect>
			</mandatory-aspects>
		</type>

		<type name="scwf:marketingReview">
			<parent>bpm:workflowTask</parent>
			<overrides>
				<property name="bpm:packageItemActionGroup">
					<default>read_package_item_actions</default>
				</property>
			</overrides>
		</type>

		<type name="scwf:operationsReview">
			<parent>bpm:workflowTask</parent>
			<overrides>
				<property name="bpm:packageItemActionGroup">
					<default>read_package_item_actions</default>
				</property>
			</overrides>
		</type>

		<type name="scwf:thirdPartyReview">
			<parent>bpm:workflowTask</parent>
			<overrides>
				<property name="bpm:packageItemActionGroup">
					<default>read_package_item_actions</default>
				</property>
			</overrides>
		</type>

		<type name="scwf:revise">
			<parent>bpm:workflowTask</parent>
			<overrides>
				<property name="bpm:packageItemActionGroup">
					<default>edit_package_item_actions</default>
				</property>
			</overrides>
		</type>
		
		<type name="scwf:submitNoApprovalTask">
			<parent>wcmwf:startTask</parent>
			<mandatory-aspects>
				<aspect>wcmwf:submission</aspect>
				<aspect>wcmwf:webproject</aspect>
			</mandatory-aspects>
		</type>
		
		<type name="scwf:submitCancelledNoApprovalTask">
			<parent>wcmwf:workflowTask</parent>
			<mandatory-aspects>
				<aspect>wcmwf:submission</aspect>
			</mandatory-aspects>
		</type>

		<type name="scwf:submittedNoApprovalTask">
			<parent>wcmwf:workflowTask</parent>
			<mandatory-aspects>
				<aspect>wcmwf:submission</aspect>
			</mandatory-aspects>
		</type>
		
	</types>

	<aspects>
		<aspect name="scwf:thirdPartyReviewable">
			<title>Someco Third Party Reviewable</title>
			<properties>
				<property name="scwf:reviewerEmail">
					<type>d:text</type>
					<mandatory>false</mandatory>
					<multiple>false</multiple>
				</property>
			</properties>
		</aspect>	
	</aspects>
</model>

