<?xml version='1.0' encoding='UTF-8'?>
<!DOCTYPE faces-config PUBLIC "-//Sun Microsystems, Inc.//DTD JavaServer Faces Config 1.1//EN"
                              "http://java.sun.com/dtd/web-facesconfig_1_1.dtd">
<faces-config>
	<managed-bean>	
		<description>
			The bean that manages SC Web settings.
		</description>
		<managed-bean-name>WebSettingsBean</managed-bean-name>
		<managed-bean-class>com.someco.web.bean.WebSettingsBean</managed-bean-class>
		<managed-bean-scope>session</managed-bean-scope>
		<managed-property>
			<property-name>browseBean</property-name>
			<value>#{BrowseBean}</value>
		</managed-property>
	</managed-bean>

	<managed-bean>
		<description>
			The out-of-the-box textarea generator with specific rows and columns.
		</description>
		<managed-bean-name>SummaryTextAreaGenerator</managed-bean-name>
		<managed-bean-class>org.alfresco.web.bean.generator.TextAreaGenerator</managed-bean-class>
		<managed-bean-scope>request</managed-bean-scope>
		<managed-property>
			<property-name>rows</property-name>
			<value>5</value>
		</managed-property>
		<managed-property>
			<property-name>columns</property-name>
			<value>50</value>
		</managed-property>
	</managed-bean>
	
	<managed-bean>
		<description>Bean that generates a stoplight control to display status</description>
		<managed-bean-name>StoplightGenerator</managed-bean-name>
		<managed-bean-class>org.alfresco.web.bean.generator.StoplightGenerator</managed-bean-class>
		<managed-bean-scope>request</managed-bean-scope>
	</managed-bean>

	<render-kit>
		<renderer>
			<component-family>javax.faces.Output</component-family>
			<renderer-type>org.alfresco.faces.StoplightDisplayRenderer</renderer-type>
			<renderer-class>org.alfresco.web.ui.extension.renderer.StoplightDisplayRenderer</renderer-class>
		</renderer>	
	</render-kit>
	
	<managed-bean>
		<managed-bean-name>ExecuteScriptDialog</managed-bean-name>
		<managed-bean-class>com.someco.web.bean.ExecuteScriptDialog</managed-bean-class>
		<managed-bean-scope>session</managed-bean-scope>
		<managed-property>
			<property-name>nodeService</property-name>
			<value>#{NodeService}</value>
		</managed-property>
		<managed-property>
			<property-name>browseBean</property-name>
			<value>#{BrowseBean}</value>
		</managed-property>
		<managed-property>
			<property-name>actionService</property-name>
			<value>#{ActionService}</value>
		</managed-property>
	</managed-bean>
	
	<managed-bean>
		<managed-bean-name>InterviewSetupWizard</managed-bean-name>
		<managed-bean-class>com.someco.web.bean.InterviewSetupWizard</managed-bean-class>
		<managed-bean-scope>session</managed-bean-scope>
		<managed-property>
			<property-name>nodeService</property-name>
			<value>#{NodeService}</value>
		</managed-property>
		<managed-property>
			<property-name>browseBean</property-name>
			<value>#{BrowseBean}</value>
		</managed-property>
		<managed-property>
			<property-name>personService</property-name>
			<value>#{PersonService}</value>
		</managed-property>
		<managed-property>
			<property-name>authorityService</property-name>
			<value>#{AuthorityService}</value>
		</managed-property>		
		<managed-property>
			<property-name>permissionService</property-name>
			<value>#{PermissionService}</value>
		</managed-property>
		<managed-property>
			<property-name>contentService</property-name>
			<value>#{ContentService}</value>
		</managed-property>						
	</managed-bean>
	
</faces-config>
