<?xml version="1.0" encoding="UTF-8"?>

<process-diagram name="helloWorldFork" width="760" height="512">
  <node name="start" x="131" y="42" width="-1" height="-1">
    <transition name="">
      <label x="5" y="-10"/>
    </transition>
  </node>
  <node name="end1" x="133" y="319" width="140" height="40"/>
  <node name="fork1" x="102" y="111" width="200" height="25">
    <transition name="transToC">
      <label x="5" y="-10"/>
    </transition>
    <transition name="transToD">
      <label x="5" y="-10"/>
    </transition>
  </node>
  <node name="join1" x="104" y="246" width="200" height="25">
    <transition name="">
      <label x="5" y="-10"/>
    </transition>
  </node>
  <node name="Node C" x="41" y="173" width="140" height="40">
    <transition name="">
      <label x="5" y="-10"/>
    </transition>
  </node>
  <node name="Node D" x="240" y="171" width="140" height="40">
    <transition name="">
      <label x="5" y="-10"/>
    </transition>
  </node>
</process-diagram>
