<?xml version="1.0" encoding="UTF-8"?>

<root-container name="scwf:noApprovalSubmit" width="817" height="545">
  <node name="start" x="1" y="0" width="140" height="40">
    <edge>
      <label x="5" y="-10"/>
    </edge>
  </node>
  <node name="initialise" x="266" y="0" width="140" height="40">
    <edge>
      <label x="5" y="-10"/>
    </edge>
  </node>
  <node name="onapprove" x="334" y="202" width="140" height="40">
    <edge>
      <label x="5" y="-10"/>
    </edge>
    <edge>
      <label x="5" y="-10"/>
    </edge>
  </node>
  <node name="submitpending" x="604" y="201" width="140" height="40">
    <edge>
      <label x="5" y="-10"/>
    </edge>
    <edge>
      <label x="5" y="-10"/>
    </edge>
  </node>
  <node name="submitcancelled" x="605" y="304" width="140" height="40">
    <edge>
      <label x="5" y="-10"/>
    </edge>
  </node>
  <node name="submitted" x="332" y="292" width="140" height="40">
    <edge>
      <label x="5" y="-10"/>
    </edge>
  </node>
  <node name="end" x="347" y="455" width="140" height="40"/>
</root-container>
