<alfresco-config>

   <config>
   
      <wcm>
         <!-- Comma separated list of the workflows to display in the Create Web Form and
              Create Web Project wizards. The Name identifers of the workflows should be specified. -->
         <workflows>
            wcmwf:submit,scwf:noApprovalSubmit
         </workflows>
         
         <admin-workflows>
            wcmwf:changerequest
         </admin-workflows>
         
         <views>
            <browse-page-size>25</browse-page-size>
         </views>
         
         <deployment>
         	<!-- frequency (in seconds) of polling checks to get latest status of a deployment -->
         	<progress-polling-frequency>2</progress-polling-frequency>
         </deployment>
         
         <links-management>
            <!-- frequency (in seconds) of polling checks to get latest status of a link check -->
            <progress-polling-frequency>2</progress-polling-frequency>
         </links-management>

         <xforms>
           <widget xforms-type="xf:group" 
                   appearance="minimal" 
                   javascript-class-name="alfresco.xforms.HGroup"/>
           <widget xforms-type="xf:group" 
                   javascript-class-name="alfresco.xforms.VGroup"/>
           <widget xforms-type="xf:repeat" 
                   javascript-class-name="alfresco.xforms.Repeat"/>
           <widget xforms-type="xf:textarea"
                   appearance="minimal"
                   javascript-class-name="alfresco.xforms.PlainTextEditor"/>
           <widget xforms-type="xf:textarea"
                   javascript-class-name="alfresco.xforms.RichTextEditor">
             <param name="theme_advanced_buttons1">bold,italic,underline,separator,forecolor,backcolor,separator,link,unlink,image</param>
           </widget>
           <widget xforms-type="xf:textarea"
                   appearance="full"
                   javascript-class-name="alfresco.xforms.RichTextEditor">
             <param name="theme_advanced_buttons1">bold,italic,underline,strikethrough,separator,fontselect,fontsizeselect</param>
             <param name="theme_advanced_buttons2">link,unlink,image,separator,justifyleft,justifycenter,justifyright,justifyfull,separator,bullist,numlist,separator,undo,redo,separator,forecolor,backcolor</param>
             <param name="height">400</param>
           </widget>
           <!--
               NOTE: only the table tinymce plugin is part of the default alfresco distribution.  
               to enable other tinymce plugins, the plugin code must first be copied into the
               tinymce distribution within the webapp.
             -->
           <widget xforms-type="xf:textarea"
                   appearance="custom"
                   javascript-class-name="alfresco.xforms.RichTextEditor">
             <param name="theme_advanced_buttons1">bold,italic,underline,strikethrough,separator,fontselect,fontsizeselect</param>
             <param name="theme_advanced_buttons2">link,unlink,image,separator,justifyleft,justifycenter,justifyright,justifyfull,separator,bullist,numlist,separator,undo,redo,separator,forecolor,backcolor</param>
             <param name="height">600</param>
             <param name="mode">exact</param>
             <param name="force_p_newlines">true</param>
             <param name="apply_source_formatting">true</param>
             <param name="plugins">table</param>
             <param name="theme_advanced_buttons3">tablecontrols</param>
           </widget>
           <!--
           <widget xforms-type="xf:textarea"
                   appearance="fullscreen"
                   javascript-class-name="alfresco.xforms.RichTextEditor">
             <param name="theme_advanced_buttons1">bold,italic,underline,strikethrough,separator,fontselect,fontsizeselect</param>
             <param name="theme_advanced_buttons2">link,unlink,image,separator,justifyleft,justifycenter,justifyright,justifyfull,separator,bullist,numlist,separator,undo,redo,separator,forecolor,backcolor</param>
             <param name="height">600</param>
             <param name="plugins">fullscreen</param>
             <param name="theme_advanced_buttons3">fullscreen</param>
           </widget>
           -->
           <widget xforms-type="xf:upload" 
                   javascript-class-name="alfresco.xforms.FilePicker">
             <param name="selectable_types">wcm:avmcontent,wcm:avmfolder</param>
           </widget>
           <widget xforms-type="xf:upload" 
                   appearance="folder_restricted_file_picker"
                   javascript-class-name="alfresco.xforms.FilePicker">
             <param name="selectable_types">wcm:avmcontent,wcm:avmfolder</param>
             <!-- 
                Uncomment parameter and set to relative path of AVM folder 
                to restrict file picker to.
                
             <param name="folder_restriction">some-relative-folder-path</param>
             -->
           </widget>
           <widget xforms-type="xf:upload" 
                   appearance="search_restricted_file_picker"
                   javascript-class-name="alfresco.xforms.FilePicker">
             <!-- 
                Uncomment parameter and set to name of a configured 
                search. The file picker will be restricted to the results 
                of this configured search
                
             <param name="config_search_name">some-configured-search-name</param>
             -->
           </widget>
           <widget xforms-type="xf:upload" 
                   appearance="image_file_picker"
                   javascript-class-name="alfresco.xforms.FilePicker">
             <param name="selectable_types">wcm:avmcontent</param>
             <param name="filter_mimetypes">image/*</param>
           </widget>
           <widget xforms-type="xf:upload" 
                   appearance="html_file_picker"
                   javascript-class-name="alfresco.xforms.FilePicker">
             <!-- allow folder selection to handle index pages -->
             <param name="selectable_types">wcm:avmcontent,wcm:avmfolder</param>
             <param name="filter_mimetypes">text/html</param>
           </widget>
           <widget xforms-type="xf:upload" 
                   appearance="folder_picker"
                   javascript-class-name="alfresco.xforms.FilePicker">
             <param name="selectable_types">wcm:avmfolder</param>
             <param name="filter_mimetypes">*</param>
           </widget>
           <widget xforms-type="xf:upload" 
                   appearance="file_picker"
                   javascript-class-name="alfresco.xforms.FilePicker">
             <param name="selectable_types">wcm:avmcontent</param>
           </widget>
           <widget xforms-type="xf:range" javascript-class-name="alfresco.xforms.NumericalRange"/>
           <widget xforms-type="xf:input" 
                   xml-schema-type="date"
                   javascript-class-name="alfresco.xforms.DatePicker"/>
           <widget xforms-type="xf:input"
                   xml-schema-type="time"
                   javascript-class-name="alfresco.xforms.TimePicker"/>
           <widget xforms-type="xf:input"
                   xml-schema-type="gDay"
                   javascript-class-name="alfresco.xforms.DayPicker"/>
           <widget xforms-type="xf:input"
                   xml-schema-type="gMonth"
                   javascript-class-name="alfresco.xforms.MonthPicker"/>
           <widget xforms-type="xf:input"
                   xml-schema-type="gYear"
                   javascript-class-name="alfresco.xforms.YearPicker"/>
           <widget xforms-type="xf:input"
                   xml-schema-type="gMonthDay"
                   javascript-class-name="alfresco.xforms.MonthDayPicker"/>
           <widget xforms-type="xf:input"
                   xml-schema-type="gYearMonth"
                   javascript-class-name="alfresco.xforms.YearMonthPicker"/>
           <widget xforms-type="xf:input"
                   xml-schema-type="dateTime"
                   javascript-class-name="alfresco.xforms.DateTimePicker"/>
           <widget xforms-type="xf:input"
                   javascript-class-name="alfresco.xforms.TextField"/>
           <widget xforms-type="xf:select1"
                   xml-schema-type="boolean"
                   javascript-class-name="alfresco.xforms.Checkbox"/>
           <widget xforms-type="xf:select1"
                   appearance="full"
                   javascript-class-name="alfresco.xforms.RadioSelect1"/>
           <widget xforms-type="xf:select1"
                   javascript-class-name="alfresco.xforms.ComboboxSelect1"/>
           <widget xforms-type="xf:select"
                   appearance="full"
                   javascript-class-name="alfresco.xforms.CheckboxSelect"/>
           <widget xforms-type="xf:select"
                   javascript-class-name="alfresco.xforms.ListSelect"/>
           <widget xforms-type="xf:submit"
                   javascript-class-name="alfresco.xforms.Submit"/>
           <widget xforms-type="xf:trigger"
                   javascript-class-name="alfresco.xforms.Trigger"/>
           <widget xforms-type="xf:switch"
                   javascript-class-name="alfresco.xforms.SwitchGroup"/>
           <widget xforms-type="xf:case"
                   javascript-class-name="alfresco.xforms.CaseGroup"/>
           <widget xforms-type="chiba:data"/>
           <widget xforms-type="xf:label"/>
           <widget xforms-type="xf:alert"/>
         </xforms>
      </wcm>
   
   </config>

</alfresco-config>
